candidate,accuracy,macro_f1,f1_drop,int4_count,int8_count,weight_memory_kb,memory_ratio,bitops_ratio,hardware_cost,accepted,config
1,0.9940039973351099,0.9821603074040051,-0.0011084510048035012,0,26,8.6796875,1.0,1.0,1.0,True,"{""stem_conv"": 8, ""block1_b1_sepconv"": 8, ""block1_b2_sepconv"": 8, ""block1_b3_sepconv"": 8, ""block1_pool_proj"": 8, ""block1_out_proj"": 8, ""block2_b1_sepconv"": 8, ""block2_b2_sepconv"": 8, ""block2_b3_sepconv"": 8, ""block2_pool_proj"": 8, ""block2_shortcut"": 8, ""block2_out_proj"": 8, ""block3_b1_sepconv"": 8, ""block3_b2_sepconv"": 8, ""block3_b3_sepconv"": 8, ""block3_pool_proj"": 8, ""block3_shortcut"": 8, ""block3_out_proj"": 8, ""block4_b1_sepconv"": 8, ""block4_b2_sepconv"": 8, ""block4_b3_sepconv"": 8, ""block4_pool_proj"": 8, ""block4_shortcut"": 8, ""block4_out_proj"": 8, ""head_dense"": 8, ""class_output"": 8}"
2,0.8767488341105929,0.7572106981699137,0.22384115822928785,14,12,6.59375,0.7596759675967597,0.7681976438200883,0.7639368057084239,False,"{""stem_conv"": 8, ""block1_b1_sepconv"": 8, ""block1_b2_sepconv"": 8, ""block1_b3_sepconv"": 8, ""block1_pool_proj"": 4, ""block1_out_proj"": 8, ""block2_b1_sepconv"": 4, ""block2_b2_sepconv"": 4, ""block2_b3_sepconv"": 4, ""block2_pool_proj"": 4, ""block2_shortcut"": 8, ""block2_out_proj"": 8, ""block3_b1_sepconv"": 4, ""block3_b2_sepconv"": 4, ""block3_b3_sepconv"": 8, ""block3_pool_proj"": 4, ""block3_shortcut"": 8, ""block3_out_proj"": 8, ""block4_b1_sepconv"": 4, ""block4_b2_sepconv"": 4, ""block4_b3_sepconv"": 8, ""block4_pool_proj"": 4, ""block4_shortcut"": 4, ""block4_out_proj"": 8, ""head_dense"": 4, ""class_output"": 4}"
3,0.994070619586942,0.98225840928624,-0.0012065528870384146,1,25,8.62109375,0.9932493249324933,0.9998481842840371,0.9965487546082652,True,"{""stem_conv"": 8, ""block1_b1_sepconv"": 8, ""block1_b2_sepconv"": 8, ""block1_b3_sepconv"": 8, ""block1_pool_proj"": 8, ""block1_out_proj"": 8, ""block2_b1_sepconv"": 8, ""block2_b2_sepconv"": 8, ""block2_b3_sepconv"": 8, ""block2_pool_proj"": 8, ""block2_shortcut"": 8, ""block2_out_proj"": 8, ""block3_b1_sepconv"": 8, ""block3_b2_sepconv"": 8, ""block3_b3_sepconv"": 8, ""block3_pool_proj"": 8, ""block3_shortcut"": 8, ""block3_out_proj"": 8, ""block4_b1_sepconv"": 8, ""block4_b2_sepconv"": 8, ""block4_b3_sepconv"": 8, ""block4_pool_proj"": 8, ""block4_shortcut"": 8, ""block4_out_proj"": 8, ""head_dense"": 8, ""class_output"": 4}"
4,0.9938707528314457,0.982131838961107,-0.001079982561905446,1,25,8.48046875,0.9770477047704771,0.9793530626290433,0.9782003836997601,True,"{""stem_conv"": 8, ""block1_b1_sepconv"": 8, ""block1_b2_sepconv"": 8, ""block1_b3_sepconv"": 8, ""block1_pool_proj"": 8, ""block1_out_proj"": 8, ""block2_b1_sepconv"": 8, ""block2_b2_sepconv"": 8, ""block2_b3_sepconv"": 8, ""block2_pool_proj"": 8, ""block2_shortcut"": 8, ""block2_out_proj"": 8, ""block3_b1_sepconv"": 8, ""block3_b2_sepconv"": 8, ""block3_b3_sepconv"": 8, ""block3_pool_proj"": 8, ""block3_shortcut"": 8, ""block3_out_proj"": 8, ""block4_b1_sepconv"": 4, ""block4_b2_sepconv"": 8, ""block4_b3_sepconv"": 8, ""block4_pool_proj"": 8, ""block4_shortcut"": 8, ""block4_out_proj"": 8, ""head_dense"": 8, ""class_output"": 8}"
5,0.9939373750832778,0.9818630045026205,-0.0008111481034189794,1,25,8.609375,0.991899189918992,0.98542569126756,0.988662440593276,True,"{""stem_conv"": 8, ""block1_b1_sepconv"": 8, ""block1_b2_sepconv"": 8, ""block1_b3_sepconv"": 8, ""block1_pool_proj"": 8, ""block1_out_proj"": 8, ""block2_b1_sepconv"": 8, ""block2_b2_sepconv"": 8, ""block2_b3_sepconv"": 8, ""block2_pool_proj"": 8, ""block2_shortcut"": 8, ""block2_out_proj"": 8, ""block3_b1_sepconv"": 8, ""block3_b2_sepconv"": 8, ""block3_b3_sepconv"": 8, ""block3_pool_proj"": 4, ""block3_shortcut"": 8, ""block3_out_proj"": 8, ""block4_b1_sepconv"": 8, ""block4_b2_sepconv"": 8, ""block4_b3_sepconv"": 8, ""block4_pool_proj"": 8, ""block4_shortcut"": 8, ""block4_out_proj"": 8, ""head_dense"": 8, ""class_output"": 8}"
6,0.9939373750832778,0.9817112732093098,-0.000659416810108282,1,25,8.591796875,0.9898739873987399,0.98178211408445,0.985828050741595,True,"{""stem_conv"": 8, ""block1_b1_sepconv"": 8, ""block1_b2_sepconv"": 8, ""block1_b3_sepconv"": 8, ""block1_pool_proj"": 8, ""block1_out_proj"": 8, ""block2_b1_sepconv"": 8, ""block2_b2_sepconv"": 8, ""block2_b3_sepconv"": 8, ""block2_pool_proj"": 8, ""block2_shortcut"": 8, ""block2_out_proj"": 8, ""block3_b1_sepconv"": 4, ""block3_b2_sepconv"": 8, ""block3_b3_sepconv"": 8, ""block3_pool_proj"": 8, ""block3_shortcut"": 8, ""block3_out_proj"": 8, ""block4_b1_sepconv"": 8, ""block4_b2_sepconv"": 8, ""block4_b3_sepconv"": 8, ""block4_pool_proj"": 8, ""block4_shortcut"": 8, ""block4_out_proj"": 8, ""head_dense"": 8, ""class_output"": 8}"
7,0.9853431045969354,0.960753878583142,0.020297977816059576,6,20,8.033203125,0.9255175517551755,0.9043054937047084,0.9149115227299419,False,"{""stem_conv"": 8, ""block1_b1_sepconv"": 8, ""block1_b2_sepconv"": 8, ""block1_b3_sepconv"": 8, ""block1_pool_proj"": 8, ""block1_out_proj"": 8, ""block2_b1_sepconv"": 4, ""block2_b2_sepconv"": 4, ""block2_b3_sepconv"": 8, ""block2_pool_proj"": 8, ""block2_shortcut"": 8, ""block2_out_proj"": 8, ""block3_b1_sepconv"": 8, ""block3_b2_sepconv"": 4, ""block3_b3_sepconv"": 8, ""block3_pool_proj"": 8, ""block3_shortcut"": 8, ""block3_out_proj"": 8, ""block4_b1_sepconv"": 8, ""block4_b2_sepconv"": 4, ""block4_b3_sepconv"": 8, ""block4_pool_proj"": 4, ""block4_shortcut"": 8, ""block4_out_proj"": 8, ""head_dense"": 8, ""class_output"": 4}"
8,0.9672884743504331,0.9251624562276618,0.05588940017153976,9,17,7.845703125,0.9039153915391539,0.852080887413465,0.8779981394763094,False,"{""stem_conv"": 8, ""block1_b1_sepconv"": 8, ""block1_b2_sepconv"": 8, ""block1_b3_sepconv"": 8, ""block1_pool_proj"": 8, ""block1_out_proj"": 8, ""block2_b1_sepconv"": 4, ""block2_b2_sepconv"": 4, ""block2_b3_sepconv"": 4, ""block2_pool_proj"": 4, ""block2_shortcut"": 8, ""block2_out_proj"": 8, ""block3_b1_sepconv"": 8, ""block3_b2_sepconv"": 4, ""block3_b3_sepconv"": 8, ""block3_pool_proj"": 4, ""block3_shortcut"": 8, ""block3_out_proj"": 8, ""block4_b1_sepconv"": 4, ""block4_b2_sepconv"": 4, ""block4_b3_sepconv"": 8, ""block4_pool_proj"": 8, ""block4_shortcut"": 8, ""block4_out_proj"": 8, ""head_dense"": 8, ""class_output"": 4}"
9,0.9816122584943371,0.9510558597298429,0.029995996669358704,6,20,7.869140625,0.9066156615661566,0.8862394235051213,0.8964275425356389,False,"{""stem_conv"": 8, ""block1_b1_sepconv"": 8, ""block1_b2_sepconv"": 8, ""block1_b3_sepconv"": 8, ""block1_pool_proj"": 8, ""block1_out_proj"": 8, ""block2_b1_sepconv"": 8, ""block2_b2_sepconv"": 4, ""block2_b3_sepconv"": 8, ""block2_pool_proj"": 8, ""block2_shortcut"": 8, ""block2_out_proj"": 8, ""block3_b1_sepconv"": 4, ""block3_b2_sepconv"": 8, ""block3_b3_sepconv"": 8, ""block3_pool_proj"": 4, ""block3_shortcut"": 8, ""block3_out_proj"": 8, ""block4_b1_sepconv"": 4, ""block4_b2_sepconv"": 4, ""block4_b3_sepconv"": 8, ""block4_pool_proj"": 4, ""block4_shortcut"": 8, ""block4_out_proj"": 8, ""head_dense"": 8, ""class_output"": 8}"
10,0.9899400399733511,0.9689408946007676,0.012110961798433961,7,19,7.52734375,0.8672367236723673,0.914750414962957,0.890993569317662,False,"{""stem_conv"": 8, ""block1_b1_sepconv"": 8, ""block1_b2_sepconv"": 8, ""block1_b3_sepconv"": 8, ""block1_pool_proj"": 4, ""block1_out_proj"": 8, ""block2_b1_sepconv"": 8, ""block2_b2_sepconv"": 8, ""block2_b3_sepconv"": 8, ""block2_pool_proj"": 8, ""block2_shortcut"": 8, ""block2_out_proj"": 8, ""block3_b1_sepconv"": 4, ""block3_b2_sepconv"": 4, ""block3_b3_sepconv"": 8, ""block3_pool_proj"": 4, ""block3_shortcut"": 8, ""block3_out_proj"": 8, ""block4_b1_sepconv"": 8, ""block4_b2_sepconv"": 8, ""block4_b3_sepconv"": 8, ""block4_pool_proj"": 4, ""block4_shortcut"": 8, ""block4_out_proj"": 8, ""head_dense"": 4, ""class_output"": 4}"
11,0.9909393737508327,0.9742526346421233,0.006799221757078255,5,21,8.259765625,0.9516201620162016,0.9166025666977046,0.9341113643569531,False,"{""stem_conv"": 8, ""block1_b1_sepconv"": 8, ""block1_b2_sepconv"": 8, ""block1_b3_sepconv"": 8, ""block1_pool_proj"": 4, ""block1_out_proj"": 8, ""block2_b1_sepconv"": 4, ""block2_b2_sepconv"": 8, ""block2_b3_sepconv"": 8, ""block2_pool_proj"": 8, ""block2_shortcut"": 8, ""block2_out_proj"": 8, ""block3_b1_sepconv"": 8, ""block3_b2_sepconv"": 4, ""block3_b3_sepconv"": 8, ""block3_pool_proj"": 4, ""block3_shortcut"": 8, ""block3_out_proj"": 8, ""block4_b1_sepconv"": 4, ""block4_b2_sepconv"": 8, ""block4_b3_sepconv"": 8, ""block4_pool_proj"": 8, ""block4_shortcut"": 8, ""block4_out_proj"": 8, ""head_dense"": 8, ""class_output"": 8}"
12,0.9599600266489008,0.8951661780127544,0.08588567838644712,8,18,7.068359375,0.8143564356435643,0.8525565766568155,0.83345650615019,False,"{""stem_conv"": 8, ""block1_b1_sepconv"": 8, ""block1_b2_sepconv"": 8, ""block1_b3_sepconv"": 8, ""block1_pool_proj"": 8, ""block1_out_proj"": 8, ""block2_b1_sepconv"": 4, ""block2_b2_sepconv"": 8, ""block2_b3_sepconv"": 4, ""block2_pool_proj"": 8, ""block2_shortcut"": 8, ""block2_out_proj"": 8, ""block3_b1_sepconv"": 8, ""block3_b2_sepconv"": 4, ""block3_b3_sepconv"": 8, ""block3_pool_proj"": 4, ""block3_shortcut"": 8, ""block3_out_proj"": 8, ""block4_b1_sepconv"": 4, ""block4_b2_sepconv"": 8, ""block4_b3_sepconv"": 8, ""block4_pool_proj"": 4, ""block4_shortcut"": 4, ""block4_out_proj"": 8, ""head_dense"": 4, ""class_output"": 8}"
13,0.988674217188541,0.9670694487053115,0.013982407693890031,7,19,7.818359375,0.9007650765076508,0.8676166956803368,0.8841908860939938,False,"{""stem_conv"": 8, ""block1_b1_sepconv"": 8, ""block1_b2_sepconv"": 8, ""block1_b3_sepconv"": 8, ""block1_pool_proj"": 8, ""block1_out_proj"": 8, ""block2_b1_sepconv"": 8, ""block2_b2_sepconv"": 8, ""block2_b3_sepconv"": 4, ""block2_pool_proj"": 4, ""block2_shortcut"": 8, ""block2_out_proj"": 8, ""block3_b1_sepconv"": 8, ""block3_b2_sepconv"": 4, ""block3_b3_sepconv"": 8, ""block3_pool_proj"": 4, ""block3_shortcut"": 8, ""block3_out_proj"": 8, ""block4_b1_sepconv"": 4, ""block4_b2_sepconv"": 4, ""block4_b3_sepconv"": 8, ""block4_pool_proj"": 4, ""block4_shortcut"": 8, ""block4_out_proj"": 8, ""head_dense"": 8, ""class_output"": 8}"
14,0.9823451032644903,0.948157168873298,0.03289468752590352,9,17,7.486328125,0.8625112511251125,0.823084085664548,0.8427976683948303,False,"{""stem_conv"": 8, ""block1_b1_sepconv"": 8, ""block1_b2_sepconv"": 8, ""block1_b3_sepconv"": 8, ""block1_pool_proj"": 4, ""block1_out_proj"": 8, ""block2_b1_sepconv"": 8, ""block2_b2_sepconv"": 8, ""block2_b3_sepconv"": 4, ""block2_pool_proj"": 4, ""block2_shortcut"": 8, ""block2_out_proj"": 8, ""block3_b1_sepconv"": 4, ""block3_b2_sepconv"": 8, ""block3_b3_sepconv"": 8, ""block3_pool_proj"": 4, ""block3_shortcut"": 8, ""block3_out_proj"": 8, ""block4_b1_sepconv"": 4, ""block4_b2_sepconv"": 4, ""block4_b3_sepconv"": 8, ""block4_pool_proj"": 4, ""block4_shortcut"": 4, ""block4_out_proj"": 8, ""head_dense"": 8, ""class_output"": 8}"
15,0.9758827448367755,0.9305236502808851,0.05052820611831643,6,20,7.40625,0.8532853285328533,0.8954698190356666,0.87437757378426,False,"{""stem_conv"": 8, ""block1_b1_sepconv"": 8, ""block1_b2_sepconv"": 8, ""block1_b3_sepconv"": 8, ""block1_pool_proj"": 8, ""block1_out_proj"": 8, ""block2_b1_sepconv"": 8, ""block2_b2_sepconv"": 4, ""block2_b3_sepconv"": 4, ""block2_pool_proj"": 4, ""block2_shortcut"": 8, ""block2_out_proj"": 8, ""block3_b1_sepconv"": 8, ""block3_b2_sepconv"": 8, ""block3_b3_sepconv"": 8, ""block3_pool_proj"": 8, ""block3_shortcut"": 8, ""block3_out_proj"": 8, ""block4_b1_sepconv"": 8, ""block4_b2_sepconv"": 8, ""block4_b3_sepconv"": 8, ""block4_pool_proj"": 4, ""block4_shortcut"": 4, ""block4_out_proj"": 8, ""head_dense"": 4, ""class_output"": 8}"
16,0.900599600266489,0.786789296917852,0.19426255948134952,13,13,6.7578125,0.7785778577857786,0.7852010040079349,0.7818894308968567,False,"{""stem_conv"": 8, ""block1_b1_sepconv"": 8, ""block1_b2_sepconv"": 8, ""block1_b3_sepconv"": 8, ""block1_pool_proj"": 4, ""block1_out_proj"": 8, ""block2_b1_sepconv"": 4, ""block2_b2_sepconv"": 4, ""block2_b3_sepconv"": 4, ""block2_pool_proj"": 4, ""block2_shortcut"": 8, ""block2_out_proj"": 8, ""block3_b1_sepconv"": 4, ""block3_b2_sepconv"": 4, ""block3_b3_sepconv"": 8, ""block3_pool_proj"": 4, ""block3_shortcut"": 8, ""block3_out_proj"": 8, ""block4_b1_sepconv"": 4, ""block4_b2_sepconv"": 4, ""block4_b3_sepconv"": 8, ""block4_pool_proj"": 8, ""block4_shortcut"": 4, ""block4_out_proj"": 8, ""head_dense"": 4, ""class_output"": 4}"
17,0.993471019320453,0.9816065145159802,-0.0005546581167786835,4,22,8.205078125,0.9453195319531953,0.9391218978988705,0.9422207149260329,True,"{""stem_conv"": 8, ""block1_b1_sepconv"": 8, ""block1_b2_sepconv"": 8, ""block1_b3_sepconv"": 8, ""block1_pool_proj"": 8, ""block1_out_proj"": 8, ""block2_b1_sepconv"": 8, ""block2_b2_sepconv"": 8, ""block2_b3_sepconv"": 8, ""block2_pool_proj"": 8, ""block2_shortcut"": 8, ""block2_out_proj"": 8, ""block3_b1_sepconv"": 8, ""block3_b2_sepconv"": 4, ""block3_b3_sepconv"": 8, ""block3_pool_proj"": 4, ""block3_shortcut"": 8, ""block3_out_proj"": 8, ""block4_b1_sepconv"": 8, ""block4_b2_sepconv"": 4, ""block4_b3_sepconv"": 8, ""block4_pool_proj"": 8, ""block4_shortcut"": 8, ""block4_out_proj"": 8, ""head_dense"": 8, ""class_output"": 4}"
18,0.9936708860759493,0.9801682491142077,0.0008836072849938148,2,24,8.45703125,0.9743474347434743,0.9828448240961905,0.9785961294198324,True,"{""stem_conv"": 8, ""block1_b1_sepconv"": 8, ""block1_b2_sepconv"": 8, ""block1_b3_sepconv"": 8, ""block1_pool_proj"": 8, ""block1_out_proj"": 8, ""block2_b1_sepconv"": 8, ""block2_b2_sepconv"": 8, ""block2_b3_sepconv"": 8, ""block2_pool_proj"": 8, ""block2_shortcut"": 8, ""block2_out_proj"": 8, ""block3_b1_sepconv"": 8, ""block3_b2_sepconv"": 8, ""block3_b3_sepconv"": 8, ""block3_pool_proj"": 8, ""block3_shortcut"": 8, ""block3_out_proj"": 8, ""block4_b1_sepconv"": 8, ""block4_b2_sepconv"": 8, ""block4_b3_sepconv"": 8, ""block4_pool_proj"": 4, ""block4_shortcut"": 8, ""block4_out_proj"": 8, ""head_dense"": 8, ""class_output"": 4}"
19,0.993471019320453,0.9805383204211114,0.0005135359780901183,2,24,8.521484375,0.9817731773177317,0.96720780535201,0.9744904913348709,True,"{""stem_conv"": 8, ""block1_b1_sepconv"": 8, ""block1_b2_sepconv"": 8, ""block1_b3_sepconv"": 8, ""block1_pool_proj"": 8, ""block1_out_proj"": 8, ""block2_b1_sepconv"": 8, ""block2_b2_sepconv"": 8, ""block2_b3_sepconv"": 8, ""block2_pool_proj"": 8, ""block2_shortcut"": 8, ""block2_out_proj"": 8, ""block3_b1_sepconv"": 4, ""block3_b2_sepconv"": 8, ""block3_b3_sepconv"": 8, ""block3_pool_proj"": 4, ""block3_shortcut"": 8, ""block3_out_proj"": 8, ""block4_b1_sepconv"": 8, ""block4_b2_sepconv"": 8, ""block4_b3_sepconv"": 8, ""block4_pool_proj"": 8, ""block4_shortcut"": 8, ""block4_out_proj"": 8, ""head_dense"": 8, ""class_output"": 8}"
20,0.9864090606262491,0.9661634131855628,0.014888443213638802,5,21,8.0625,0.9288928892889289,0.8850248977774179,0.9069588935331734,False,"{""stem_conv"": 8, ""block1_b1_sepconv"": 8, ""block1_b2_sepconv"": 8, ""block1_b3_sepconv"": 8, ""block1_pool_proj"": 8, ""block1_out_proj"": 8, ""block2_b1_sepconv"": 8, ""block2_b2_sepconv"": 4, ""block2_b3_sepconv"": 4, ""block2_pool_proj"": 8, ""block2_shortcut"": 8, ""block2_out_proj"": 8, ""block3_b1_sepconv"": 4, ""block3_b2_sepconv"": 4, ""block3_b3_sepconv"": 8, ""block3_pool_proj"": 8, ""block3_shortcut"": 8, ""block3_out_proj"": 8, ""block4_b1_sepconv"": 8, ""block4_b2_sepconv"": 8, ""block4_b3_sepconv"": 8, ""block4_pool_proj"": 8, ""block4_shortcut"": 4, ""block4_out_proj"": 8, ""head_dense"": 8, ""class_output"": 8}"
21,0.9891405729513657,0.9719774807716313,0.009074375627570297,4,22,8.3515625,0.9621962196219622,0.9340107687947856,0.9481034942083739,False,"{""stem_conv"": 8, ""block1_b1_sepconv"": 8, ""block1_b2_sepconv"": 8, ""block1_b3_sepconv"": 8, ""block1_pool_proj"": 4, ""block1_out_proj"": 8, ""block2_b1_sepconv"": 8, ""block2_b2_sepconv"": 4, ""block2_b3_sepconv"": 8, ""block2_pool_proj"": 8, ""block2_shortcut"": 8, ""block2_out_proj"": 8, ""block3_b1_sepconv"": 8, ""block3_b2_sepconv"": 8, ""block3_b3_sepconv"": 8, ""block3_pool_proj"": 4, ""block3_shortcut"": 8, ""block3_out_proj"": 8, ""block4_b1_sepconv"": 4, ""block4_b2_sepconv"": 8, ""block4_b3_sepconv"": 8, ""block4_pool_proj"": 8, ""block4_shortcut"": 8, ""block4_out_proj"": 8, ""head_dense"": 8, ""class_output"": 8}"
22,0.9828114590273151,0.9475035554343302,0.03354830096487138,5,21,7.427734375,0.8557605760576058,0.9161167564066233,0.8859386662321145,False,"{""stem_conv"": 8, ""block1_b1_sepconv"": 8, ""block1_b2_sepconv"": 8, ""block1_b3_sepconv"": 8, ""block1_pool_proj"": 4, ""block1_out_proj"": 8, ""block2_b1_sepconv"": 8, ""block2_b2_sepconv"": 8, ""block2_b3_sepconv"": 8, ""block2_pool_proj"": 8, ""block2_shortcut"": 8, ""block2_out_proj"": 8, ""block3_b1_sepconv"": 4, ""block3_b2_sepconv"": 8, ""block3_b3_sepconv"": 8, ""block3_pool_proj"": 8, ""block3_shortcut"": 8, ""block3_out_proj"": 8, ""block4_b1_sepconv"": 8, ""block4_b2_sepconv"": 8, ""block4_b3_sepconv"": 8, ""block4_pool_proj"": 4, ""block4_shortcut"": 4, ""block4_out_proj"": 8, ""head_dense"": 4, ""class_output"": 8}"
23,0.9936708860759493,0.9810426330119816,9.22338721998095e-06,3,23,8.462890625,0.975022502250225,0.9670559896360471,0.9710392459431361,True,"{""stem_conv"": 8, ""block1_b1_sepconv"": 8, ""block1_b2_sepconv"": 8, ""block1_b3_sepconv"": 8, ""block1_pool_proj"": 8, ""block1_out_proj"": 8, ""block2_b1_sepconv"": 8, ""block2_b2_sepconv"": 8, ""block2_b3_sepconv"": 8, ""block2_pool_proj"": 8, ""block2_shortcut"": 8, ""block2_out_proj"": 8, ""block3_b1_sepconv"": 4, ""block3_b2_sepconv"": 8, ""block3_b3_sepconv"": 8, ""block3_pool_proj"": 4, ""block3_shortcut"": 8, ""block3_out_proj"": 8, ""block4_b1_sepconv"": 8, ""block4_b2_sepconv"": 8, ""block4_b3_sepconv"": 8, ""block4_pool_proj"": 8, ""block4_shortcut"": 8, ""block4_out_proj"": 8, ""head_dense"": 8, ""class_output"": 4}"
24,0.9922718187874751,0.9782351329882607,0.002816723410940858,2,24,8.4375,0.9720972097209721,0.9615400186227279,0.96681861417185,True,"{""stem_conv"": 8, ""block1_b1_sepconv"": 8, ""block1_b2_sepconv"": 8, ""block1_b3_sepconv"": 8, ""block1_pool_proj"": 8, ""block1_out_proj"": 8, ""block2_b1_sepconv"": 8, ""block2_b2_sepconv"": 4, ""block2_b3_sepconv"": 8, ""block2_pool_proj"": 8, ""block2_shortcut"": 8, ""block2_out_proj"": 8, ""block3_b1_sepconv"": 8, ""block3_b2_sepconv"": 8, ""block3_b3_sepconv"": 8, ""block3_pool_proj"": 8, ""block3_shortcut"": 8, ""block3_out_proj"": 8, ""block4_b1_sepconv"": 4, ""block4_b2_sepconv"": 8, ""block4_b3_sepconv"": 8, ""block4_pool_proj"": 8, ""block4_shortcut"": 8, ""block4_out_proj"": 8, ""head_dense"": 8, ""class_output"": 8}"
25,0.9920719520319787,0.9773775418912665,0.0036743145079350947,4,22,8.193359375,0.943969396939694,0.9295575077932068,0.9367634523664503,True,"{""stem_conv"": 8, ""block1_b1_sepconv"": 8, ""block1_b2_sepconv"": 8, ""block1_b3_sepconv"": 8, ""block1_pool_proj"": 8, ""block1_out_proj"": 8, ""block2_b1_sepconv"": 4, ""block2_b2_sepconv"": 8, ""block2_b3_sepconv"": 8, ""block2_pool_proj"": 8, ""block2_shortcut"": 8, ""block2_out_proj"": 8, ""block3_b1_sepconv"": 4, ""block3_b2_sepconv"": 8, ""block3_b3_sepconv"": 8, ""block3_pool_proj"": 8, ""block3_shortcut"": 8, ""block3_out_proj"": 8, ""block4_b1_sepconv"": 4, ""block4_b2_sepconv"": 8, ""block4_b3_sepconv"": 8, ""block4_pool_proj"": 4, ""block4_shortcut"": 8, ""block4_out_proj"": 8, ""head_dense"": 8, ""class_output"": 8}"
26,0.9936042638241173,0.9805844624551778,0.0004673939440237307,1,25,8.65625,0.9972997299729973,0.9902837941783733,0.9937917620756853,True,"{""stem_conv"": 8, ""block1_b1_sepconv"": 8, ""block1_b2_sepconv"": 8, ""block1_b3_sepconv"": 8, ""block1_pool_proj"": 8, ""block1_out_proj"": 8, ""block2_b1_sepconv"": 8, ""block2_b2_sepconv"": 8, ""block2_b3_sepconv"": 8, ""block2_pool_proj"": 4, ""block2_shortcut"": 8, ""block2_out_proj"": 8, ""block3_b1_sepconv"": 8, ""block3_b2_sepconv"": 8, ""block3_b3_sepconv"": 8, ""block3_pool_proj"": 8, ""block3_shortcut"": 8, ""block3_out_proj"": 8, ""block4_b1_sepconv"": 8, ""block4_b2_sepconv"": 8, ""block4_b3_sepconv"": 8, ""block4_pool_proj"": 8, ""block4_shortcut"": 8, ""block4_out_proj"": 8, ""head_dense"": 8, ""class_output"": 8}"
27,0.9934043970686209,0.9799873483563422,0.0010645080428594023,3,23,8.359375,0.963096309630963,0.9613882029067649,0.962242256268864,True,"{""stem_conv"": 8, ""block1_b1_sepconv"": 8, ""block1_b2_sepconv"": 8, ""block1_b3_sepconv"": 8, ""block1_pool_proj"": 4, ""block1_out_proj"": 8, ""block2_b1_sepconv"": 8, ""block2_b2_sepconv"": 8, ""block2_b3_sepconv"": 8, ""block2_pool_proj"": 8, ""block2_shortcut"": 8, ""block2_out_proj"": 8, ""block3_b1_sepconv"": 8, ""block3_b2_sepconv"": 8, ""block3_b3_sepconv"": 8, ""block3_pool_proj"": 8, ""block3_shortcut"": 8, ""block3_out_proj"": 8, ""block4_b1_sepconv"": 8, ""block4_b2_sepconv"": 4, ""block4_b3_sepconv"": 8, ""block4_pool_proj"": 8, ""block4_shortcut"": 8, ""block4_out_proj"": 8, ""head_dense"": 8, ""class_output"": 4}"
28,0.9870752831445703,0.9678757910894451,0.013176065309756457,5,21,7.875,0.9072907290729073,0.8838103720497146,0.8955505505613109,False,"{""stem_conv"": 8, ""block1_b1_sepconv"": 8, ""block1_b2_sepconv"": 8, ""block1_b3_sepconv"": 8, ""block1_pool_proj"": 8, ""block1_out_proj"": 8, ""block2_b1_sepconv"": 8, ""block2_b2_sepconv"": 4, ""block2_b3_sepconv"": 8, ""block2_pool_proj"": 8, ""block2_shortcut"": 8, ""block2_out_proj"": 8, ""block3_b1_sepconv"": 4, ""block3_b2_sepconv"": 4, ""block3_b3_sepconv"": 8, ""block3_pool_proj"": 8, ""block3_shortcut"": 8, ""block3_out_proj"": 8, ""block4_b1_sepconv"": 8, ""block4_b2_sepconv"": 4, ""block4_b3_sepconv"": 8, ""block4_pool_proj"": 8, ""block4_shortcut"": 4, ""block4_out_proj"": 8, ""head_dense"": 8, ""class_output"": 8}"
29,0.9876082611592272,0.9667884647355702,0.01426339166363133,5,21,8.150390625,0.939018901890189,0.9117444637868912,0.9253816828385402,False,"{""stem_conv"": 8, ""block1_b1_sepconv"": 8, ""block1_b2_sepconv"": 8, ""block1_b3_sepconv"": 8, ""block1_pool_proj"": 8, ""block1_out_proj"": 8, ""block2_b1_sepconv"": 4, ""block2_b2_sepconv"": 4, ""block2_b3_sepconv"": 8, ""block2_pool_proj"": 8, ""block2_shortcut"": 8, ""block2_out_proj"": 8, ""block3_b1_sepconv"": 4, ""block3_b2_sepconv"": 8, ""block3_b3_sepconv"": 8, ""block3_pool_proj"": 8, ""block3_shortcut"": 8, ""block3_out_proj"": 8, ""block4_b1_sepconv"": 4, ""block4_b2_sepconv"": 8, ""block4_b3_sepconv"": 8, ""block4_pool_proj"": 4, ""block4_shortcut"": 8, ""block4_out_proj"": 8, ""head_dense"": 8, ""class_output"": 8}"
30,0.993471019320453,0.9806139953672769,0.00043786103192466896,2,24,8.392578125,0.966921692169217,0.9611351767134934,0.9640284344413552,True,"{""stem_conv"": 8, ""block1_b1_sepconv"": 8, ""block1_b2_sepconv"": 8, ""block1_b3_sepconv"": 8, ""block1_pool_proj"": 8, ""block1_out_proj"": 8, ""block2_b1_sepconv"": 8, ""block2_b2_sepconv"": 8, ""block2_b3_sepconv"": 8, ""block2_pool_proj"": 8, ""block2_shortcut"": 8, ""block2_out_proj"": 8, ""block3_b1_sepconv"": 4, ""block3_b2_sepconv"": 8, ""block3_b3_sepconv"": 8, ""block3_pool_proj"": 8, ""block3_shortcut"": 8, ""block3_out_proj"": 8, ""block4_b1_sepconv"": 4, ""block4_b2_sepconv"": 8, ""block4_b3_sepconv"": 8, ""block4_pool_proj"": 8, ""block4_shortcut"": 8, ""block4_out_proj"": 8, ""head_dense"": 8, ""class_output"": 8}"
31,0.9756828780812792,0.9400514812959513,0.041000375103250275,5,21,7.375,0.8496849684968497,0.925681146512287,0.8876830575045683,False,"{""stem_conv"": 8, ""block1_b1_sepconv"": 8, ""block1_b2_sepconv"": 8, ""block1_b3_sepconv"": 8, ""block1_pool_proj"": 4, ""block1_out_proj"": 8, ""block2_b1_sepconv"": 8, ""block2_b2_sepconv"": 8, ""block2_b3_sepconv"": 8, ""block2_pool_proj"": 8, ""block2_shortcut"": 8, ""block2_out_proj"": 8, ""block3_b1_sepconv"": 8, ""block3_b2_sepconv"": 8, ""block3_b3_sepconv"": 8, ""block3_pool_proj"": 8, ""block3_shortcut"": 8, ""block3_out_proj"": 8, ""block4_b1_sepconv"": 8, ""block4_b2_sepconv"": 4, ""block4_b3_sepconv"": 8, ""block4_pool_proj"": 8, ""block4_shortcut"": 4, ""block4_out_proj"": 8, ""head_dense"": 4, ""class_output"": 4}"
32,0.9932711525649567,0.9791909400157033,0.001860916383498279,3,23,8.30078125,0.9563456345634563,0.9493947613456946,0.9528701979545755,True,"{""stem_conv"": 8, ""block1_b1_sepconv"": 8, ""block1_b2_sepconv"": 8, ""block1_b3_sepconv"": 8, ""block1_pool_proj"": 4, ""block1_out_proj"": 8, ""block2_b1_sepconv"": 8, ""block2_b2_sepconv"": 8, ""block2_b3_sepconv"": 8, ""block2_pool_proj"": 8, ""block2_shortcut"": 8, ""block2_out_proj"": 8, ""block3_b1_sepconv"": 8, ""block3_b2_sepconv"": 8, ""block3_b3_sepconv"": 8, ""block3_pool_proj"": 8, ""block3_shortcut"": 8, ""block3_out_proj"": 8, ""block4_b1_sepconv"": 4, ""block4_b2_sepconv"": 8, ""block4_b3_sepconv"": 8, ""block4_pool_proj"": 4, ""block4_shortcut"": 8, ""block4_out_proj"": 8, ""head_dense"": 8, ""class_output"": 8}"
33,0.9914057295136576,0.9754057820410085,0.005646074358193087,5,21,7.876953125,0.9075157515751575,0.9051151775231772,0.9063154645491673,False,"{""stem_conv"": 8, ""block1_b1_sepconv"": 8, ""block1_b2_sepconv"": 8, ""block1_b3_sepconv"": 8, ""block1_pool_proj"": 8, ""block1_out_proj"": 8, ""block2_b1_sepconv"": 8, ""block2_b2_sepconv"": 8, ""block2_b3_sepconv"": 8, ""block2_pool_proj"": 8, ""block2_shortcut"": 8, ""block2_out_proj"": 8, ""block3_b1_sepconv"": 8, ""block3_b2_sepconv"": 4, ""block3_b3_sepconv"": 8, ""block3_pool_proj"": 4, ""block3_shortcut"": 8, ""block3_out_proj"": 8, ""block4_b1_sepconv"": 8, ""block4_b2_sepconv"": 4, ""block4_b3_sepconv"": 8, ""block4_pool_proj"": 8, ""block4_shortcut"": 4, ""block4_out_proj"": 8, ""head_dense"": 8, ""class_output"": 4}"
34,0.9925383077948035,0.9786191072492096,0.0024327491499919196,4,22,8.10546875,0.9338433843384338,0.9391218978988705,0.9364826411186522,True,"{""stem_conv"": 8, ""block1_b1_sepconv"": 8, ""block1_b2_sepconv"": 8, ""block1_b3_sepconv"": 8, ""block1_pool_proj"": 8, ""block1_out_proj"": 8, ""block2_b1_sepconv"": 8, ""block2_b2_sepconv"": 8, ""block2_b3_sepconv"": 8, ""block2_pool_proj"": 8, ""block2_shortcut"": 8, ""block2_out_proj"": 8, ""block3_b1_sepconv"": 8, ""block3_b2_sepconv"": 8, ""block3_b3_sepconv"": 8, ""block3_pool_proj"": 4, ""block3_shortcut"": 8, ""block3_out_proj"": 8, ""block4_b1_sepconv"": 4, ""block4_b2_sepconv"": 4, ""block4_b3_sepconv"": 8, ""block4_pool_proj"": 8, ""block4_shortcut"": 8, ""block4_out_proj"": 8, ""head_dense"": 8, ""class_output"": 4}"
35,0.9904063957361758,0.9737359839031786,0.007315872496022946,5,21,8.1875,0.9432943294329433,0.9048621513299057,0.9240782403814245,False,"{""stem_conv"": 8, ""block1_b1_sepconv"": 8, ""block1_b2_sepconv"": 8, ""block1_b3_sepconv"": 8, ""block1_pool_proj"": 4, ""block1_out_proj"": 8, ""block2_b1_sepconv"": 8, ""block2_b2_sepconv"": 4, ""block2_b3_sepconv"": 8, ""block2_pool_proj"": 8, ""block2_shortcut"": 8, ""block2_out_proj"": 8, ""block3_b1_sepconv"": 4, ""block3_b2_sepconv"": 4, ""block3_b3_sepconv"": 8, ""block3_pool_proj"": 8, ""block3_shortcut"": 8, ""block3_out_proj"": 8, ""block4_b1_sepconv"": 8, ""block4_b2_sepconv"": 4, ""block4_b3_sepconv"": 8, ""block4_pool_proj"": 8, ""block4_shortcut"": 8, ""block4_out_proj"": 8, ""head_dense"": 8, ""class_output"": 8}"
36,0.9920053297801465,0.9772629000770838,0.0037889563221177314,5,21,8.34765625,0.9617461746174617,0.9214606696085179,0.9416034221129899,True,"{""stem_conv"": 8, ""block1_b1_sepconv"": 8, ""block1_b2_sepconv"": 8, ""block1_b3_sepconv"": 8, ""block1_pool_proj"": 4, ""block1_out_proj"": 8, ""block2_b1_sepconv"": 8, ""block2_b2_sepconv"": 8, ""block2_b3_sepconv"": 4, ""block2_pool_proj"": 4, ""block2_shortcut"": 8, ""block2_out_proj"": 8, ""block3_b1_sepconv"": 8, ""block3_b2_sepconv"": 8, ""block3_b3_sepconv"": 8, ""block3_pool_proj"": 4, ""block3_shortcut"": 8, ""block3_out_proj"": 8, ""block4_b1_sepconv"": 8, ""block4_b2_sepconv"": 8, ""block4_b3_sepconv"": 8, ""block4_pool_proj"": 4, ""block4_shortcut"": 8, ""block4_out_proj"": 8, ""head_dense"": 8, ""class_output"": 8}"
37,0.9927381745502998,0.9786500276127879,0.0024018287864137067,4,22,8.251953125,0.9507200720072008,0.9439800008096838,0.9473500364084423,True,"{""stem_conv"": 8, ""block1_b1_sepconv"": 8, ""block1_b2_sepconv"": 8, ""block1_b3_sepconv"": 8, ""block1_pool_proj"": 8, ""block1_out_proj"": 8, ""block2_b1_sepconv"": 8, ""block2_b2_sepconv"": 8, ""block2_b3_sepconv"": 8, ""block2_pool_proj"": 8, ""block2_shortcut"": 8, ""block2_out_proj"": 8, ""block3_b1_sepconv"": 8, ""block3_b2_sepconv"": 4, ""block3_b3_sepconv"": 8, ""block3_pool_proj"": 4, ""block3_shortcut"": 8, ""block3_out_proj"": 8, ""block4_b1_sepconv"": 4, ""block4_b2_sepconv"": 8, ""block4_b3_sepconv"": 8, ""block4_pool_proj"": 8, ""block4_shortcut"": 8, ""block4_out_proj"": 8, ""head_dense"": 8, ""class_output"": 4}"
38,0.9922718187874751,0.9778289325573472,0.003222923841854408,4,22,7.77734375,0.8960396039603961,0.9592830249787458,0.9276613144695709,True,"{""stem_conv"": 8, ""block1_b1_sepconv"": 8, ""block1_b2_sepconv"": 8, ""block1_b3_sepconv"": 8, ""block1_pool_proj"": 8, ""block1_out_proj"": 8, ""block2_b1_sepconv"": 8, ""block2_b2_sepconv"": 8, ""block2_b3_sepconv"": 8, ""block2_pool_proj"": 8, ""block2_shortcut"": 8, ""block2_out_proj"": 8, ""block3_b1_sepconv"": 4, ""block3_b2_sepconv"": 4, ""block3_b3_sepconv"": 8, ""block3_pool_proj"": 8, ""block3_shortcut"": 8, ""block3_out_proj"": 8, ""block4_b1_sepconv"": 8, ""block4_b2_sepconv"": 8, ""block4_b3_sepconv"": 8, ""block4_pool_proj"": 8, ""block4_shortcut"": 8, ""block4_out_proj"": 8, ""head_dense"": 4, ""class_output"": 4}"
39,0.9909393737508327,0.9719541197210898,0.009097736678111756,6,20,7.267578125,0.8373087308730873,0.9167746245091292,0.8770416776911083,False,"{""stem_conv"": 8, ""block1_b1_sepconv"": 8, ""block1_b2_sepconv"": 8, ""block1_b3_sepconv"": 8, ""block1_pool_proj"": 8, ""block1_out_proj"": 8, ""block2_b1_sepconv"": 8, ""block2_b2_sepconv"": 8, ""block2_b3_sepconv"": 8, ""block2_pool_proj"": 8, ""block2_shortcut"": 8, ""block2_out_proj"": 8, ""block3_b1_sepconv"": 4, ""block3_b2_sepconv"": 8, ""block3_b3_sepconv"": 8, ""block3_pool_proj"": 8, ""block3_shortcut"": 8, ""block3_out_proj"": 8, ""block4_b1_sepconv"": 4, ""block4_b2_sepconv"": 4, ""block4_b3_sepconv"": 8, ""block4_pool_proj"": 4, ""block4_shortcut"": 8, ""block4_out_proj"": 8, ""head_dense"": 4, ""class_output"": 4}"
40,0.9798800799467022,0.949573775292974,0.03147808110622752,7,19,7.939453125,0.9147164716471647,0.888516659244565,0.9016165654458649,False,"{""stem_conv"": 8, ""block1_b1_sepconv"": 8, ""block1_b2_sepconv"": 8, ""block1_b3_sepconv"": 8, ""block1_pool_proj"": 8, ""block1_out_proj"": 8, ""block2_b1_sepconv"": 4, ""block2_b2_sepconv"": 4, ""block2_b3_sepconv"": 8, ""block2_pool_proj"": 8, ""block2_shortcut"": 8, ""block2_out_proj"": 8, ""block3_b1_sepconv"": 4, ""block3_b2_sepconv"": 8, ""block3_b3_sepconv"": 8, ""block3_pool_proj"": 4, ""block3_shortcut"": 8, ""block3_out_proj"": 8, ""block4_b1_sepconv"": 4, ""block4_b2_sepconv"": 4, ""block4_b3_sepconv"": 8, ""block4_pool_proj"": 8, ""block4_shortcut"": 8, ""block4_out_proj"": 8, ""head_dense"": 8, ""class_output"": 4}"
41,0.9912724850099933,0.9753373570260326,0.005714499373168924,5,21,8.453125,0.9738973897389739,0.9383122140804016,0.9561048019096877,False,"{""stem_conv"": 8, ""block1_b1_sepconv"": 8, ""block1_b2_sepconv"": 8, ""block1_b3_sepconv"": 8, ""block1_pool_proj"": 4, ""block1_out_proj"": 8, ""block2_b1_sepconv"": 8, ""block2_b2_sepconv"": 8, ""block2_b3_sepconv"": 4, ""block2_pool_proj"": 4, ""block2_shortcut"": 8, ""block2_out_proj"": 8, ""block3_b1_sepconv"": 8, ""block3_b2_sepconv"": 8, ""block3_b3_sepconv"": 8, ""block3_pool_proj"": 4, ""block3_shortcut"": 8, ""block3_out_proj"": 8, ""block4_b1_sepconv"": 8, ""block4_b2_sepconv"": 8, ""block4_b3_sepconv"": 8, ""block4_pool_proj"": 8, ""block4_shortcut"": 8, ""block4_out_proj"": 8, ""head_dense"": 8, ""class_output"": 4}"
42,0.9932045303131246,0.9798007331133037,0.001251123285897826,3,23,8.3515625,0.9621962196219622,0.9646269381806405,0.9634115789013014,True,"{""stem_conv"": 8, ""block1_b1_sepconv"": 8, ""block1_b2_sepconv"": 8, ""block1_b3_sepconv"": 8, ""block1_pool_proj"": 8, ""block1_out_proj"": 8, ""block2_b1_sepconv"": 8, ""block2_b2_sepconv"": 8, ""block2_b3_sepconv"": 8, ""block2_pool_proj"": 8, ""block2_shortcut"": 8, ""block2_out_proj"": 8, ""block3_b1_sepconv"": 8, ""block3_b2_sepconv"": 8, ""block3_b3_sepconv"": 8, ""block3_pool_proj"": 4, ""block3_shortcut"": 8, ""block3_out_proj"": 8, ""block4_b1_sepconv"": 4, ""block4_b2_sepconv"": 8, ""block4_b3_sepconv"": 8, ""block4_pool_proj"": 8, ""block4_shortcut"": 8, ""block4_out_proj"": 8, ""head_dense"": 8, ""class_output"": 4}"
43,0.9934043970686209,0.9794599874505862,0.0015918689486154047,4,22,8.123046875,0.9358685868586859,0.9391218978988705,0.9374952423787781,True,"{""stem_conv"": 8, ""block1_b1_sepconv"": 8, ""block1_b2_sepconv"": 8, ""block1_b3_sepconv"": 8, ""block1_pool_proj"": 8, ""block1_out_proj"": 8, ""block2_b1_sepconv"": 8, ""block2_b2_sepconv"": 8, ""block2_b3_sepconv"": 8, ""block2_pool_proj"": 8, ""block2_shortcut"": 8, ""block2_out_proj"": 8, ""block3_b1_sepconv"": 4, ""block3_b2_sepconv"": 8, ""block3_b3_sepconv"": 8, ""block3_pool_proj"": 8, ""block3_shortcut"": 8, ""block3_out_proj"": 8, ""block4_b1_sepconv"": 8, ""block4_b2_sepconv"": 4, ""block4_b3_sepconv"": 8, ""block4_pool_proj"": 4, ""block4_shortcut"": 8, ""block4_out_proj"": 8, ""head_dense"": 8, ""class_output"": 4}"
44,0.9891405729513657,0.9714247893972738,0.009627067001927725,6,20,7.87109375,0.9068406840684068,0.9039006517954739,0.9053706679319403,False,"{""stem_conv"": 8, ""block1_b1_sepconv"": 8, ""block1_b2_sepconv"": 8, ""block1_b3_sepconv"": 8, ""block1_pool_proj"": 8, ""block1_out_proj"": 8, ""block2_b1_sepconv"": 4, ""block2_b2_sepconv"": 8, ""block2_b3_sepconv"": 8, ""block2_pool_proj"": 4, ""block2_shortcut"": 8, ""block2_out_proj"": 8, ""block3_b1_sepconv"": 8, ""block3_b2_sepconv"": 8, ""block3_b3_sepconv"": 8, ""block3_pool_proj"": 8, ""block3_shortcut"": 8, ""block3_out_proj"": 8, ""block4_b1_sepconv"": 4, ""block4_b2_sepconv"": 8, ""block4_b3_sepconv"": 8, ""block4_pool_proj"": 4, ""block4_shortcut"": 4, ""block4_out_proj"": 8, ""head_dense"": 8, ""class_output"": 4}"
45,0.9870752831445703,0.9661012663734905,0.014950590025711086,6,20,7.7109375,0.8883888388838884,0.9317537751508036,0.9100713070173461,False,"{""stem_conv"": 8, ""block1_b1_sepconv"": 8, ""block1_b2_sepconv"": 8, ""block1_b3_sepconv"": 8, ""block1_pool_proj"": 8, ""block1_out_proj"": 8, ""block2_b1_sepconv"": 8, ""block2_b2_sepconv"": 4, ""block2_b3_sepconv"": 8, ""block2_pool_proj"": 4, ""block2_shortcut"": 8, ""block2_out_proj"": 8, ""block3_b1_sepconv"": 4, ""block3_b2_sepconv"": 4, ""block3_b3_sepconv"": 8, ""block3_pool_proj"": 8, ""block3_shortcut"": 8, ""block3_out_proj"": 8, ""block4_b1_sepconv"": 8, ""block4_b2_sepconv"": 8, ""block4_b3_sepconv"": 8, ""block4_pool_proj"": 8, ""block4_shortcut"": 8, ""block4_out_proj"": 8, ""head_dense"": 4, ""class_output"": 4}"
46,0.9894070619586942,0.972683785779297,0.008368070619904522,5,21,7.484375,0.8622862286228623,0.9278571717744221,0.8950717001986421,False,"{""stem_conv"": 8, ""block1_b1_sepconv"": 8, ""block1_b2_sepconv"": 8, ""block1_b3_sepconv"": 8, ""block1_pool_proj"": 8, ""block1_out_proj"": 8, ""block2_b1_sepconv"": 8, ""block2_b2_sepconv"": 8, ""block2_b3_sepconv"": 8, ""block2_pool_proj"": 4, ""block2_shortcut"": 8, ""block2_out_proj"": 8, ""block3_b1_sepconv"": 8, ""block3_b2_sepconv"": 8, ""block3_b3_sepconv"": 8, ""block3_pool_proj"": 4, ""block3_shortcut"": 8, ""block3_out_proj"": 8, ""block4_b1_sepconv"": 4, ""block4_b2_sepconv"": 4, ""block4_b3_sepconv"": 8, ""block4_pool_proj"": 8, ""block4_shortcut"": 8, ""block4_out_proj"": 8, ""head_dense"": 4, ""class_output"": 8}"
47,0.9924716855429714,0.9795374854729874,0.0015143709262142035,5,21,8.08203125,0.9311431143114312,0.9294056920772439,0.9302744031943375,True,"{""stem_conv"": 8, ""block1_b1_sepconv"": 8, ""block1_b2_sepconv"": 8, ""block1_b3_sepconv"": 8, ""block1_pool_proj"": 8, ""block1_out_proj"": 8, ""block2_b1_sepconv"": 8, ""block2_b2_sepconv"": 8, ""block2_b3_sepconv"": 8, ""block2_pool_proj"": 4, ""block2_shortcut"": 8, ""block2_out_proj"": 8, ""block3_b1_sepconv"": 8, ""block3_b2_sepconv"": 8, ""block3_b3_sepconv"": 8, ""block3_pool_proj"": 4, ""block3_shortcut"": 8, ""block3_out_proj"": 8, ""block4_b1_sepconv"": 4, ""block4_b2_sepconv"": 4, ""block4_b3_sepconv"": 8, ""block4_pool_proj"": 8, ""block4_shortcut"": 8, ""block4_out_proj"": 8, ""head_dense"": 8, ""class_output"": 4}"
48,0.9926049300466355,0.9783780493624766,0.002673807036724929,3,23,8.3515625,0.9621962196219622,0.9404882393425368,0.9513422294822496,True,"{""stem_conv"": 8, ""block1_b1_sepconv"": 8, ""block1_b2_sepconv"": 8, ""block1_b3_sepconv"": 8, ""block1_pool_proj"": 8, ""block1_out_proj"": 8, ""block2_b1_sepconv"": 8, ""block2_b2_sepconv"": 8, ""block2_b3_sepconv"": 4, ""block2_pool_proj"": 4, ""block2_shortcut"": 8, ""block2_out_proj"": 8, ""block3_b1_sepconv"": 8, ""block3_b2_sepconv"": 8, ""block3_b3_sepconv"": 8, ""block3_pool_proj"": 8, ""block3_shortcut"": 8, ""block3_out_proj"": 8, ""block4_b1_sepconv"": 8, ""block4_b2_sepconv"": 4, ""block4_b3_sepconv"": 8, ""block4_pool_proj"": 8, ""block4_shortcut"": 8, ""block4_out_proj"": 8, ""head_dense"": 8, ""class_output"": 8}"
49,0.9919387075283145,0.9757777120564552,0.005274144342746312,4,22,8.36328125,0.9635463546354636,0.9344156107040201,0.9489809826697418,False,"{""stem_conv"": 8, ""block1_b1_sepconv"": 8, ""block1_b2_sepconv"": 8, ""block1_b3_sepconv"": 8, ""block1_pool_proj"": 8, ""block1_out_proj"": 8, ""block2_b1_sepconv"": 8, ""block2_b2_sepconv"": 8, ""block2_b3_sepconv"": 4, ""block2_pool_proj"": 4, ""block2_shortcut"": 8, ""block2_out_proj"": 8, ""block3_b1_sepconv"": 8, ""block3_b2_sepconv"": 8, ""block3_b3_sepconv"": 8, ""block3_pool_proj"": 4, ""block3_shortcut"": 8, ""block3_out_proj"": 8, ""block4_b1_sepconv"": 8, ""block4_b2_sepconv"": 8, ""block4_b3_sepconv"": 8, ""block4_pool_proj"": 4, ""block4_shortcut"": 8, ""block4_out_proj"": 8, ""head_dense"": 8, ""class_output"": 8}"
50,0.9916055962691539,0.9753539131869917,0.005697943212209844,5,21,8.3359375,0.9603960396039604,0.9407412655358083,0.9505686525698843,False,"{""stem_conv"": 8, ""block1_b1_sepconv"": 8, ""block1_b2_sepconv"": 8, ""block1_b3_sepconv"": 8, ""block1_pool_proj"": 4, ""block1_out_proj"": 8, ""block2_b1_sepconv"": 4, ""block2_b2_sepconv"": 8, ""block2_b3_sepconv"": 8, ""block2_pool_proj"": 8, ""block2_shortcut"": 8, ""block2_out_proj"": 8, ""block3_b1_sepconv"": 8, ""block3_b2_sepconv"": 8, ""block3_b3_sepconv"": 8, ""block3_pool_proj"": 4, ""block3_shortcut"": 8, ""block3_out_proj"": 8, ""block4_b1_sepconv"": 8, ""block4_b2_sepconv"": 8, ""block4_b3_sepconv"": 8, ""block4_pool_proj"": 4, ""block4_shortcut"": 8, ""block4_out_proj"": 8, ""head_dense"": 8, ""class_output"": 4}"
51,0.9901399067288474,0.9707173633799545,0.010334493019247049,5,21,7.8203125,0.900990099009901,0.9463280838832436,0.9236590914465723,False,"{""stem_conv"": 8, ""block1_b1_sepconv"": 8, ""block1_b2_sepconv"": 8, ""block1_b3_sepconv"": 8, ""block1_pool_proj"": 4, ""block1_out_proj"": 8, ""block2_b1_sepconv"": 8, ""block2_b2_sepconv"": 8, ""block2_b3_sepconv"": 4, ""block2_pool_proj"": 8, ""block2_shortcut"": 8, ""block2_out_proj"": 8, ""block3_b1_sepconv"": 8, ""block3_b2_sepconv"": 8, ""block3_b3_sepconv"": 8, ""block3_pool_proj"": 4, ""block3_shortcut"": 8, ""block3_out_proj"": 8, ""block4_b1_sepconv"": 8, ""block4_b2_sepconv"": 8, ""block4_b3_sepconv"": 8, ""block4_pool_proj"": 8, ""block4_shortcut"": 8, ""block4_out_proj"": 8, ""head_dense"": 4, ""class_output"": 4}"
52,0.968421052631579,0.9211398267523896,0.05991202964681197,9,17,7.8515625,0.9045904590459046,0.8617970932350917,0.8831937761404982,False,"{""stem_conv"": 8, ""block1_b1_sepconv"": 8, ""block1_b2_sepconv"": 8, ""block1_b3_sepconv"": 8, ""block1_pool_proj"": 8, ""block1_out_proj"": 8, ""block2_b1_sepconv"": 4, ""block2_b2_sepconv"": 4, ""block2_b3_sepconv"": 8, ""block2_pool_proj"": 4, ""block2_shortcut"": 8, ""block2_out_proj"": 8, ""block3_b1_sepconv"": 4, ""block3_b2_sepconv"": 4, ""block3_b3_sepconv"": 8, ""block3_pool_proj"": 4, ""block3_shortcut"": 8, ""block3_out_proj"": 8, ""block4_b1_sepconv"": 8, ""block4_b2_sepconv"": 4, ""block4_b3_sepconv"": 8, ""block4_pool_proj"": 4, ""block4_shortcut"": 8, ""block4_out_proj"": 8, ""head_dense"": 8, ""class_output"": 4}"
53,0.9908727514990007,0.9748046154842711,0.006247240914930452,4,22,8.10546875,0.9338433843384338,0.9149831990607667,0.9244132916996003,False,"{""stem_conv"": 8, ""block1_b1_sepconv"": 8, ""block1_b2_sepconv"": 8, ""block1_b3_sepconv"": 8, ""block1_pool_proj"": 8, ""block1_out_proj"": 8, ""block2_b1_sepconv"": 8, ""block2_b2_sepconv"": 8, ""block2_b3_sepconv"": 4, ""block2_pool_proj"": 8, ""block2_shortcut"": 8, ""block2_out_proj"": 8, ""block3_b1_sepconv"": 8, ""block3_b2_sepconv"": 8, ""block3_b3_sepconv"": 8, ""block3_pool_proj"": 4, ""block3_shortcut"": 8, ""block3_out_proj"": 8, ""block4_b1_sepconv"": 4, ""block4_b2_sepconv"": 4, ""block4_b3_sepconv"": 8, ""block4_pool_proj"": 8, ""block4_shortcut"": 8, ""block4_out_proj"": 8, ""head_dense"": 8, ""class_output"": 8}"
54,0.9924050632911392,0.9781771270513804,0.002874729347821181,4,22,8.076171875,0.9304680468046804,0.9089105704222501,0.9196893086134652,True,"{""stem_conv"": 8, ""block1_b1_sepconv"": 8, ""block1_b2_sepconv"": 8, ""block1_b3_sepconv"": 8, ""block1_pool_proj"": 8, ""block1_out_proj"": 8, ""block2_b1_sepconv"": 8, ""block2_b2_sepconv"": 8, ""block2_b3_sepconv"": 4, ""block2_pool_proj"": 8, ""block2_shortcut"": 8, ""block2_out_proj"": 8, ""block3_b1_sepconv"": 8, ""block3_b2_sepconv"": 4, ""block3_b3_sepconv"": 8, ""block3_pool_proj"": 8, ""block3_shortcut"": 8, ""block3_out_proj"": 8, ""block4_b1_sepconv"": 4, ""block4_b2_sepconv"": 4, ""block4_b3_sepconv"": 8, ""block4_pool_proj"": 8, ""block4_shortcut"": 8, ""block4_out_proj"": 8, ""head_dense"": 8, ""class_output"": 8}"
55,0.9804130579613591,0.9491897563669779,0.03186210003222367,7,19,7.548828125,0.8697119711971197,0.8554714384033035,0.8625917048002116,False,"{""stem_conv"": 8, ""block1_b1_sepconv"": 8, ""block1_b2_sepconv"": 8, ""block1_b3_sepconv"": 8, ""block1_pool_proj"": 8, ""block1_out_proj"": 8, ""block2_b1_sepconv"": 4, ""block2_b2_sepconv"": 8, ""block2_b3_sepconv"": 8, ""block2_pool_proj"": 8, ""block2_shortcut"": 8, ""block2_out_proj"": 8, ""block3_b1_sepconv"": 4, ""block3_b2_sepconv"": 8, ""block3_b3_sepconv"": 8, ""block3_pool_proj"": 4, ""block3_shortcut"": 8, ""block3_out_proj"": 8, ""block4_b1_sepconv"": 4, ""block4_b2_sepconv"": 4, ""block4_b3_sepconv"": 8, ""block4_pool_proj"": 4, ""block4_shortcut"": 4, ""block4_out_proj"": 8, ""head_dense"": 8, ""class_output"": 8}"
56,0.9891405729513657,0.9683059755909831,0.01274588080821848,7,19,7.75390625,0.8933393339333934,0.8591150155864135,0.8762271747599034,False,"{""stem_conv"": 8, ""block1_b1_sepconv"": 8, ""block1_b2_sepconv"": 8, ""block1_b3_sepconv"": 8, ""block1_pool_proj"": 8, ""block1_out_proj"": 8, ""block2_b1_sepconv"": 8, ""block2_b2_sepconv"": 8, ""block2_b3_sepconv"": 4, ""block2_pool_proj"": 8, ""block2_shortcut"": 8, ""block2_out_proj"": 8, ""block3_b1_sepconv"": 4, ""block3_b2_sepconv"": 4, ""block3_b3_sepconv"": 8, ""block3_pool_proj"": 4, ""block3_shortcut"": 8, ""block3_out_proj"": 8, ""block4_b1_sepconv"": 4, ""block4_b2_sepconv"": 4, ""block4_b3_sepconv"": 8, ""block4_pool_proj"": 4, ""block4_shortcut"": 8, ""block4_out_proj"": 8, ""head_dense"": 8, ""class_output"": 8}"
57,0.9850766155896069,0.9589487531829759,0.02210310321622566,8,18,7.279296875,0.8386588658865887,0.8851969555888426,0.8619279107377156,False,"{""stem_conv"": 8, ""block1_b1_sepconv"": 8, ""block1_b2_sepconv"": 8, ""block1_b3_sepconv"": 8, ""block1_pool_proj"": 8, ""block1_out_proj"": 8, ""block2_b1_sepconv"": 8, ""block2_b2_sepconv"": 8, ""block2_b3_sepconv"": 4, ""block2_pool_proj"": 4, ""block2_shortcut"": 8, ""block2_out_proj"": 8, ""block3_b1_sepconv"": 4, ""block3_b2_sepconv"": 8, ""block3_b3_sepconv"": 8, ""block3_pool_proj"": 4, ""block3_shortcut"": 8, ""block3_out_proj"": 8, ""block4_b1_sepconv"": 4, ""block4_b2_sepconv"": 4, ""block4_b3_sepconv"": 8, ""block4_pool_proj"": 8, ""block4_shortcut"": 8, ""block4_out_proj"": 8, ""head_dense"": 4, ""class_output"": 4}"
58,0.9921385742838108,0.9775000055713484,0.0035518508278531424,4,22,8.087890625,0.9318181818181818,0.9113396218776568,0.9215789018479192,True,"{""stem_conv"": 8, ""block1_b1_sepconv"": 8, ""block1_b2_sepconv"": 8, ""block1_b3_sepconv"": 8, ""block1_pool_proj"": 8, ""block1_out_proj"": 8, ""block2_b1_sepconv"": 8, ""block2_b2_sepconv"": 8, ""block2_b3_sepconv"": 4, ""block2_pool_proj"": 8, ""block2_shortcut"": 8, ""block2_out_proj"": 8, ""block3_b1_sepconv"": 4, ""block3_b2_sepconv"": 8, ""block3_b3_sepconv"": 8, ""block3_pool_proj"": 8, ""block3_shortcut"": 8, ""block3_out_proj"": 8, ""block4_b1_sepconv"": 4, ""block4_b2_sepconv"": 4, ""block4_b3_sepconv"": 8, ""block4_pool_proj"": 8, ""block4_shortcut"": 8, ""block4_out_proj"": 8, ""head_dense"": 8, ""class_output"": 8}"
59,0.9888074616922052,0.9653647591465961,0.01568709725260542,7,19,8.140625,0.9378937893789379,0.9051151775231772,0.9215044834510575,False,"{""stem_conv"": 8, ""block1_b1_sepconv"": 8, ""block1_b2_sepconv"": 8, ""block1_b3_sepconv"": 8, ""block1_pool_proj"": 8, ""block1_out_proj"": 8, ""block2_b1_sepconv"": 4, ""block2_b2_sepconv"": 8, ""block2_b3_sepconv"": 8, ""block2_pool_proj"": 4, ""block2_shortcut"": 8, ""block2_out_proj"": 8, ""block3_b1_sepconv"": 4, ""block3_b2_sepconv"": 4, ""block3_b3_sepconv"": 8, ""block3_pool_proj"": 4, ""block3_shortcut"": 8, ""block3_out_proj"": 8, ""block4_b1_sepconv"": 8, ""block4_b2_sepconv"": 8, ""block4_b3_sepconv"": 8, ""block4_pool_proj"": 4, ""block4_shortcut"": 8, ""block4_out_proj"": 8, ""head_dense"": 8, ""class_output"": 4}"
60,0.9920719520319787,0.9752697882301169,0.005782068169084664,3,23,7.89453125,0.9095409540954096,0.9835735395328125,0.946557246814111,False,"{""stem_conv"": 8, ""block1_b1_sepconv"": 8, ""block1_b2_sepconv"": 8, ""block1_b3_sepconv"": 8, ""block1_pool_proj"": 8, ""block1_out_proj"": 8, ""block2_b1_sepconv"": 8, ""block2_b2_sepconv"": 8, ""block2_b3_sepconv"": 8, ""block2_pool_proj"": 8, ""block2_shortcut"": 8, ""block2_out_proj"": 8, ""block3_b1_sepconv"": 8, ""block3_b2_sepconv"": 8, ""block3_b3_sepconv"": 8, ""block3_pool_proj"": 4, ""block3_shortcut"": 8, ""block3_out_proj"": 8, ""block4_b1_sepconv"": 8, ""block4_b2_sepconv"": 8, ""block4_b3_sepconv"": 8, ""block4_pool_proj"": 8, ""block4_shortcut"": 8, ""block4_out_proj"": 8, ""head_dense"": 4, ""class_output"": 4}"
61,0.990473017988008,0.9717106403610212,0.009341216038180389,6,20,7.47265625,0.860936093609361,0.9094874701429092,0.8852117818761351,False,"{""stem_conv"": 8, ""block1_b1_sepconv"": 8, ""block1_b2_sepconv"": 8, ""block1_b3_sepconv"": 8, ""block1_pool_proj"": 8, ""block1_out_proj"": 8, ""block2_b1_sepconv"": 8, ""block2_b2_sepconv"": 8, ""block2_b3_sepconv"": 4, ""block2_pool_proj"": 8, ""block2_shortcut"": 8, ""block2_out_proj"": 8, ""block3_b1_sepconv"": 4, ""block3_b2_sepconv"": 4, ""block3_b3_sepconv"": 8, ""block3_pool_proj"": 8, ""block3_shortcut"": 8, ""block3_out_proj"": 8, ""block4_b1_sepconv"": 8, ""block4_b2_sepconv"": 4, ""block4_b3_sepconv"": 8, ""block4_pool_proj"": 8, ""block4_shortcut"": 8, ""block4_out_proj"": 8, ""head_dense"": 4, ""class_output"": 4}"
62,0.9893404397068621,0.9669806371841944,0.014071219215007202,7,19,7.3515625,0.846984698469847,0.903819683413627,0.875402190941737,False,"{""stem_conv"": 8, ""block1_b1_sepconv"": 8, ""block1_b2_sepconv"": 8, ""block1_b3_sepconv"": 8, ""block1_pool_proj"": 4, ""block1_out_proj"": 8, ""block2_b1_sepconv"": 8, ""block2_b2_sepconv"": 8, ""block2_b3_sepconv"": 8, ""block2_pool_proj"": 8, ""block2_shortcut"": 8, ""block2_out_proj"": 8, ""block3_b1_sepconv"": 4, ""block3_b2_sepconv"": 4, ""block3_b3_sepconv"": 8, ""block3_pool_proj"": 8, ""block3_shortcut"": 8, ""block3_out_proj"": 8, ""block4_b1_sepconv"": 8, ""block4_b2_sepconv"": 4, ""block4_b3_sepconv"": 8, ""block4_pool_proj"": 4, ""block4_shortcut"": 8, ""block4_out_proj"": 8, ""head_dense"": 4, ""class_output"": 4}"
